0,1,2,3,4,5,6,7,8,9,10,11,12,13,14,15,16,17,18,19,20,21,22,23,24,25,26,27,28,29,30,31,32,33,34,35,36,37,38,39,40,41,42,43,44,45,46,47,48,49,50,51,52,53,54,55,56,57,58,59,60,61,62,63,64,65,66,67,68,69,70,71,72,73,74,75,76,77,78,79,80,81,82,83,84,85,86,87,88,89,90,91,92,93,94,95,96,97,98,99,100,101,102,103,104,105,106,107,108,109,110,111,112,113,114,115,116,117,118,119
1.0169,1.0204,0.9989,0.9498,0.8926,0.8398,0.7919,0.7505,0.7174,0.6884,0.6645,0.6433,0.6249,0.6100,0.5972,0.5856,0.5746,0.5667,0.5577,0.5512,0.5440,0.5375,0.5319,0.5287,0.5237,0.5188,0.5144,0.5108,0.5085,0.5059,0.5031,0.4993,0.4967,0.4936,0.4916,0.4896,0.4881,0.4874,0.4861,0.4846,0.4822,0.4817,0.4796,0.4783,0.4769,0.4760,0.4751,0.4747,0.4723,0.4712,0.4699,0.4692,0.4686,0.4674,0.4669,0.4661,0.4665,0.4657,0.4655,0.4652,0.4635,0.4637,0.4625,0.4610,0.4604,0.4602,0.4594,0.4580,0.4575,0.4574,0.4567,0.4566,0.4561,0.4559,0.4552,0.4546,0.4545,0.4543,0.4539,0.4531,0.4526,0.4525,0.4518,0.4508,0.4510,0.4510,0.4501,0.4500,0.4491,0.4491,0.4485,0.4487,0.4482,0.4475,0.4476,0.4473,0.4467,0.4472,0.4467,0.4468,0.4463,0.4463,0.4462,0.4463,0.4462,0.4462,0.4460,0.4459,0.4459,0.4458,0.4457,0.4459,0.4458,0.4454,0.4451,0.4450,0.4451,0.4454,0.4448,0.4442
0.9798,0.9760,1.0207,1.2245,1.5741,1.9985,2.4550,2.9323,3.4185,3.9059,4.3908,4.8791,5.3545,5.8388,6.3006,6.7628,7.2079,7.6401,8.0462,8.4390,8.8190,9.1634,9.4943,9.7933,10.0883,10.3582,10.5917,10.8316,11.0353,11.2250,11.4198,11.5694,11.7287,11.8674,11.9975,12.1345,12.2257,12.3088,12.3927,12.4515,12.5037,12.5227,12.5418,12.5610,12.5585,12.5610,12.5586,12.5609,12.5729,12.5874,12.6018,12.6066,12.6332,12.6453,12.6526,12.6793,12.6987,12.7036,12.7109,12.7109,12.7329,12.7649,12.8664,12.9238,12.9691,13.0223,13.0809,13.1245,13.1374,13.1761,13.2151,13.2751,13.3092,13.3594,13.3992,13.4259,13.4446,13.4205,13.4152,13.4339,13.4902,13.5496,13.5931,13.6780,13.7387,13.7803,13.8111,13.8841,13.9265,13.9776,14.0062,14.0464,14.0781,14.1012,14.1447,14.1913,14.2001,14.2382,14.2588,14.2972,14.3120,14.3447,14.3477,14.3298,14.3209,14.3179,14.3328,14.3656,14.4014,14.4074,14.4435,14.4766,14.5130,14.5130,14.5251,14.5556,14.5892,14.6199,14.6784,14.7248
1.0185,1.0223,0.9883,0.9110,0.8268,0.7538,0.6923,0.6434,0.6019,0.5688,0.5422,0.5191,0.5006,0.4836,0.4693,0.4589,0.4473,0.4407,0.4321,0.4246,0.4211,0.4149,0.4096,0.4050,0.4012,0.3998,0.3973,0.3921,0.3903,0.3879,0.3859,0.3829,0.3809,0.3798,0.3791,0.3795,0.3764,0.3751,0.3752,0.3715,0.3708,0.3713,0.3707,0.3692,0.3690,0.3677,0.3654,0.3670,0.3643,0.3649,0.3638,0.3631,0.3626,0.3620,0.3613,0.3610,0.3604,0.3603,0.3602,0.3604,0.3601,0.3594,0.3595,0.3593,0.3594,0.3586,0.3586,0.3584,0.3584,0.3579,0.3581,0.3575,0.3571,0.3562,0.3563,0.3562,0.3557,0.3552,0.3552,0.3551,0.3544,0.3539,0.3544,0.3530,0.3514,0.3516,0.3507,0.3505,0.3502,0.3502,0.3503,0.3510,0.3506,0.3495,0.3496,0.3497,0.3487,0.3493,0.3487,0.3488,0.3486,0.3481,0.3487,0.3483,0.3478,0.3478,0.3488,0.3479,0.3478,0.3470,0.3469,0.3463,0.3469,0.3474,0.3464,0.3451,0.3463,0.3463,0.3456,0.3458
0.9959,0.9943,0.9967,1.0077,1.0254,1.0438,1.0618,1.0781,1.0935,1.1085,1.1206,1.1341,1.1453,1.1566,1.1659,1.1761,1.1847,1.1924,1.2007,1.2085,1.2141,1.2205,1.2278,1.2335,1.2384,1.2436,1.2487,1.2551,1.2592,1.2617,1.2669,1.2709,1.2755,1.2794,1.2838,1.2857,1.2887,1.2923,1.2957,1.2982,1.3025,1.3043,1.3072,1.3097,1.3115,1.3130,1.3157,1.3182,1.3205,1.3227,1.3247,1.3270,1.3297,1.3307,1.3334,1.3366,1.3379,1.3388,1.3410,1.3432,1.3443,1.3460,1.3486,1.3508,1.3523,1.3560,1.3572,1.3581,1.3594,1.3627,1.3634,1.3644,1.3647,1.3654,1.3659,1.3673,1.3685,1.3702,1.3712,1.3726,1.3742,1.3762,1.3769,1.3790,1.3841,1.3900,1.3930,1.3951,1.3987,1.4024,1.4066,1.4103,1.4127,1.4139,1.4192,1.4224,1.4247,1.4281,1.4341,1.4444,1.4538,1.4662,1.4789,1.4882,1.4989,1.5068,1.5133,1.5196,1.5275,1.5339,1.5401,1.5469,1.5545,1.5605,1.5663,1.5728,1.5793,1.5876,1.5928,1.5987
1.0199,1.0228,0.9789,0.8895,0.8021,0.7284,0.6691,0.6205,0.5821,0.5508,0.5242,0.5029,0.4846,0.4697,0.4562,0.4443,0.4350,0.4258,0.4178,0.4118,0.4049,0.3996,0.3947,0.3896,0.3857,0.3820,0.3788,0.3756,0.3731,0.3711,0.3679,0.3656,0.3635,0.3616,0.3600,0.3590,0.3581,0.3563,0.3542,0.3532,0.3523,0.3508,0.3496,0.3487,0.3480,0.3472,0.3469,0.3464,0.3460,0.3456,0.3455,0.3447,0.3430,0.3425,0.3419,0.3411,0.3403,0.3401,0.3396,0.3392,0.3385,0.3383,0.3372,0.3364,0.3360,0.3356,0.3348,0.3344,0.3342,0.3338,0.3334,0.3333,0.3333,0.3332,0.3330,0.3328,0.3327,0.3325,0.3325,0.3325,0.3320,0.3310,0.3300,0.3299,0.3295,0.3291,0.3288,0.3283,0.3275,0.3273,0.3269,0.3268,0.3268,0.3267,0.3262,0.3263,0.3260,0.3261,0.3258,0.3251,0.3244,0.3242,0.3238,0.3238,0.3239,0.3238,0.3234,0.3233,0.3232,0.3231,0.3230,0.3229,0.3228,0.3223,0.3223,0.3223,0.3217,0.3213,0.3213,0.3206
0.9841,0.9833,1.0298,1.1410,1.2625,1.3782,1.4802,1.5674,1.6438,1.7089,1.7649,1.8137,1.8557,1.8930,1.9270,1.9541,1.9813,2.0051,2.0236,2.0450,2.0607,2.0770,2.0922,2.1045,2.1179,2.1306,2.1398,2.1504,2.1607,2.1690,2.1755,2.1836,2.1928,2.1997,2.2063,2.2132,2.2180,2.2231,2.2268,2.2330,2.2381,2.2437,2.2464,2.2497,2.2537,2.2575,2.2608,2.2624,2.2657,2.2679,2.2712,2.2728,2.2750,2.2791,2.2821,2.2838,2.2865,2.2898,2.2918,2.2926,2.2951,2.3001,2.3023,2.3045,2.3062,2.3093,2.3109,2.3112,2.3126,2.3140,2.3154,2.3162,2.3196,2.3207,2.3215,2.3224,2.3255,2.3243,2.3255,2.3263,2.3294,2.3308,2.3328,2.3379,2.3463,2.3512,2.3549,2.3557,2.3563,2.3609,2.3611,2.3603,2.3617,2.3620,2.3651,2.3700,2.3714,2.3712,2.3792,2.3934,2.4000,2.4102,2.4167,2.4202,2.4234,2.4217,2.4196,2.4211,2.4220,2.4234,2.4261,2.4287,2.4290,2.4284,2.4305,2.4323,2.4340,2.4340,2.4361,2.4385
0.9771,0.9773,0.9858,0.9964,1.0043,1.0114,1.0189,1.0266,1.0342,1.0428,1.0496,1.0577,1.0651,1.0736,1.0811,1.0888,1.0963,1.1042,1.1124,1.1196,1.1272,1.1344,1.1427,1.1496,1.1570,1.1643,1.1716,1.1795,1.1863,1.1934,1.2009,1.2074,1.2149,1.2215,1.2282,1.2354,1.2414,1.2478,1.2550,1.2610,1.2672,1.2743,1.2802,1.2859,1.2923,1.2983,1.3036,1.3093,1.3153,1.3212,1.3262,1.3328,1.3382,1.3428,1.3479,1.3536,1.3587,1.3635,1.3681,1.3734,1.3791,1.3833,1.3880,1.3924,1.3979,1.4028,1.4070,1.4120,1.4172,1.4219,1.4258,1.4303,1.4351,1.4389,1.4440,1.4479,1.4510,1.4556,1.4595,1.4643,1.4680,1.4717,1.4758,1.4798,1.4836,1.4883,1.4919,1.4953,1.5007,1.5035,1.5068,1.5119,1.5148,1.5171,1.5207,1.5252,1.5274,1.5314,1.5361,1.5381,1.5399,1.5435,1.5466,1.5498,1.5513,1.5559,1.5601,1.5619,1.5640,1.5680,1.5701,1.5733,1.5745,1.5774,1.5819,1.5845,1.5857,1.5877,1.5900,1.5926
0.9827,0.9807,1.0027,1.0503,1.0941,1.1412,1.1814,1.2210,1.2613,1.2959,1.3307,1.3630,1.3916,1.4256,1.4483,1.4760,1.4984,1.5192,1.5396,1.5632,1.5770,1.6003,1.6178,1.6376,1.6448,1.6602,1.6738,1.6892,1.7029,1.7120,1.7175,1.7312,1.7412,1.7509,1.7623,1.7775,1.7835,1.7863,1.7913,1.7978,1.8075,1.8154,1.8209,1.8232,1.8335,1.8381,1.8479,1.8558,1.8567,1.8604,1.8604,1.8618,1.8674,1.8712,1.8735,1.8791,1.8833,1.8857,1.8903,1.8927,1.8969,1.8992,1.8997,1.9044,1.9100,1.9128,1.9147,1.9180,1.9223,1.9265,1.9293,1.9312,1.9307,1.9331,1.9345,1.9345,1.9354,1.9354,1.9354,1.9364,1.9373,1.9392,1.9392,1.9425,1.9491,1.9534,1.9557,1.9572,1.9595,1.9624,1.9647,1.9642,1.9633,1.9676,1.9666,1.9704,1.9714,1.9714,1.9742,1.9832,1.9894,2.0022,2.0037,2.0065,2.0070,2.0070,2.0065,2.0037,2.0037,2.0065,2.0051,2.0065,2.0065,2.0051,2.0070,2.0075,2.0065,2.0070,2.0056,2.0070
0.9679,0.9678,0.9898,1.0184,1.0435,1.0689,1.0926,1.1164,1.1404,1.1657,1.1903,1.2131,1.2369,1.2614,1.2848,1.3075,1.3312,1.3547,1.3770,1.3997,1.4223,1.4439,1.4654,1.4876,1.5089,1.5289,1.5501,1.5699,1.5901,1.6089,1.6269,1.6466,1.6647,1.6835,1.7014,1.7185,1.7351,1.7512,1.7671,1.7832,1.7979,1.8133,1.8285,1.8431,1.8558,1.8705,1.8830,1.8960,1.9086,1.9209,1.9329,1.9442,1.9559,1.9667,1.9775,1.9874,1.9983,2.0071,2.0181,2.0276,2.0367,2.0456,2.0543,2.0633,2.0707,2.0799,2.0884,2.0966,2.1037,2.1114,2.1197,2.1262,2.1342,2.1399,2.1468,2.1532,2.1599,2.1659,2.1706,2.1759,2.1821,2.1868,2.1935,2.1987,2.2040,2.2086,2.2149,2.2196,2.2249,2.2299,2.2342,2.2375,2.2423,2.2469,2.2507,2.2546,2.2590,2.2615,2.2672,2.2699,2.2721,2.2756,2.2805,2.2832,2.2859,2.2905,2.2928,2.2972,2.2990,2.3022,2.3058,2.3076,2.3096,2.3114,2.3136,2.3163,2.3179,2.3206,2.3229,2.3251
1.0002,0.9998,0.9912,0.9777,0.9699,0.9652,0.9604,0.9590,0.9571,0.9550,0.9548,0.9535,0.9526,0.9515,0.9517,0.9515,0.9503,0.9514,0.9505,0.9503,0.9499,0.9502,0.9494,0.9493,0.9497,0.9494,0.9488,0.9481,0.9496,0.9493,0.9499,0.9478,0.9473,0.9472,0.9455,0.9475,0.9466,0.9466,0.9464,0.9470,0.9469,0.9469,0.9469,0.9458,0.9467,0.9460,0.9446,0.9460,0.9449,0.9458,0.9451,0.9446,0.9460,0.9454,0.9454,0.9451,0.9445,0.9446,0.9454,0.9461,0.9452,0.9442,0.9452,0.9452,0.9455,0.9439,0.9454,0.9458,0.9452,0.9452,0.9452,0.9442,0.9433,0.9449,0.9446,0.9449,0.9442,0.9437,0.9440,0.9442,0.9434,0.9445,0.9454,0.9457,0.9437,0.9451,0.9445,0.9454,0.9437,0.9437,0.9449,0.9449,0.9437,0.9436,0.9436,0.9442,0.9427,0.9436,0.9431,0.9436,0.9445,0.9451,0.9454,0.9455,0.9445,0.9458,0.9454,0.9451,0.9451,0.9434,0.9434,0.9439,0.9446,0.9458,0.9451,0.9448,0.9449,0.9460,0.9443,0.9460
1.0052,1.0131,1.0319,0.9762,0.9209,0.8677,0.8195,0.7792,0.7432,0.7139,0.6888,0.6677,0.6483,0.6323,0.6191,0.6061,0.5964,0.5854,0.5776,0.5713,0.5637,0.5568,0.5534,0.5465,0.5432,0.5373,0.5345,0.5326,0.5273,0.5242,0.5207,0.5183,0.5154,0.5138,0.5124,0.5118,0.5095,0.5073,0.5055,0.5032,0.5015,0.5002,0.4982,0.4966,0.4955,0.4943,0.4926,0.4918,0.4913,0.4913,0.4906,0.4905,0.4892,0.4877,0.4876,0.4864,0.4856,0.4850,0.4848,0.4843,0.4836,0.4815,0.4819,0.4812,0.4808,0.4808,0.4800,0.4804,0.4793,0.4791,0.4784,0.4783,0.4776,0.4768,0.4764,0.4770,0.4763,0.4757,0.4762,0.4754,0.4751,0.4741,0.4742,0.4736,0.4736,0.4729,0.4734,0.4728,0.4719,0.4725,0.4717,0.4716,0.4714,0.4711,0.4708,0.4708,0.4704,0.4703,0.4703,0.4703,0.4703,0.4702,0.4704,0.4703,0.4698,0.4702,0.4699,0.4699,0.4701,0.4694,0.4697,0.4691,0.4699,0.4694,0.4697,0.4697,0.4695,0.4693,0.4691,0.4695
0.9793,0.9746,0.9913,1.1024,1.3565,1.7106,2.0954,2.4920,2.8943,3.2986,3.7039,4.1032,4.4948,4.8796,5.2506,5.6158,5.9656,6.3000,6.6197,6.9141,7.1926,7.4490,7.6913,7.9152,8.1241,8.3064,8.4950,8.6693,8.8449,9.0086,9.1473,9.2800,9.3790,9.4795,9.5389,9.5974,9.6197,9.6629,9.7226,9.8009,9.8901,9.9586,10.0195,10.0484,10.0569,10.0654,10.0740,10.1049,10.1376,10.1549,10.1671,10.1740,10.2001,10.2246,10.2457,10.2633,10.2862,10.2950,10.3110,10.3074,10.3181,10.3181,10.3323,10.3430,10.3537,10.3537,10.3537,10.3644,10.3644,10.3859,10.3913,10.4093,10.4165,10.4021,10.4039,10.4093,10.4057,10.4003,10.3823,10.3591,10.3483,10.3394,10.3181,10.3057,10.2880,10.2862,10.2597,10.2439,10.2281,10.2194,10.2211,10.2246,10.2299,10.2421,10.2386,10.2106,10.2001,10.1897,10.1844,10.1705,10.1671,10.1515,10.1376,10.1221,10.1049,10.0808,10.0706,10.0398,10.0296,10.0211,10.0127,9.9907,9.9788,9.9519,9.9318,9.9184,9.9034,9.8900,9.8900,9.8768
1.0112,1.0201,1.0219,0.9505,0.8678,0.7921,0.7286,0.6745,0.6314,0.5961,0.5671,0.5424,0.5232,0.5059,0.4905,0.4764,0.4666,0.4567,0.4483,0.4427,0.4356,0.4302,0.4249,0.4224,0.4182,0.4144,0.4108,0.4067,0.4046,0.4023,0.4017,0.3993,0.3973,0.3957,0.3930,0.3922,0.3905,0.3895,0.3884,0.3861,0.3845,0.3845,0.3832,0.3822,0.3824,0.3818,0.3814,0.3809,0.3813,0.3808,0.3802,0.3799,0.3788,0.3784,0.3768,0.3765,0.3761,0.3751,0.3755,0.3746,0.3747,0.3730,0.3725,0.3737,0.3731,0.3726,0.3719,0.3721,0.3720,0.3719,0.3709,0.3709,0.3715,0.3702,0.3706,0.3699,0.3700,0.3704,0.3700,0.3697,0.3694,0.3698,0.3695,0.3686,0.3686,0.3679,0.3676,0.3684,0.3672,0.3676,0.3690,0.3682,0.3676,0.3685,0.3673,0.3670,0.3667,0.3676,0.3677,0.3677,0.3676,0.3668,0.3671,0.3676,0.3666,0.3664,0.3668,0.3668,0.3671,0.3659,0.3666,0.3667,0.3657,0.3664,0.3657,0.3666,0.3657,0.3652,0.3662,0.3655
0.9951,0.9925,0.9958,1.0062,1.0237,1.0443,1.0634,1.0812,1.0995,1.1153,1.1312,1.1465,1.1604,1.1741,1.1863,1.1994,1.2099,1.2218,1.2313,1.2415,1.2511,1.2597,1.2695,1.2784,1.2856,1.2960,1.3033,1.3092,1.3174,1.3260,1.3309,1.3378,1.3436,1.3498,1.3560,1.3607,1.3650,1.3706,1.3770,1.3825,1.3868,1.3914,1.3955,1.4005,1.4042,1.4096,1.4125,1.4167,1.4202,1.4239,1.4290,1.4325,1.4365,1.4388,1.4420,1.4445,1.4482,1.4507,1.4536,1.4580,1.4605,1.4645,1.4663,1.4679,1.4697,1.4725,1.4747,1.4772,1.4792,1.4810,1.4839,1.4868,1.4887,1.4897,1.4917,1.4950,1.4958,1.4974,1.4989,1.5014,1.5027,1.5038,1.5051,1.5066,1.5088,1.5102,1.5117,1.5115,1.5165,1.5171,1.5182,1.5187,1.5189,1.5217,1.5234,1.5245,1.5256,1.5258,1.5263,1.5263,1.5267,1.5280,1.5287,1.5291,1.5308,1.5314,1.5315,1.5323,1.5330,1.5336,1.5338,1.5347,1.5356,1.5358,1.5362,1.5377,1.5381,1.5388,1.5396,1.5399
1.0113,1.0178,1.0192,0.9341,0.8444,0.7658,0.7032,0.6524,0.6113,0.5778,0.5497,0.5268,0.5073,0.4908,0.4767,0.4641,0.4538,0.4445,0.4366,0.4293,0.4230,0.4169,0.4123,0.4070,0.4030,0.4003,0.3960,0.3930,0.3892,0.3865,0.3839,0.3815,0.3794,0.3775,0.3758,0.3745,0.3738,0.3730,0.3714,0.3699,0.3674,0.3664,0.3651,0.3644,0.3634,0.3627,0.3616,0.3607,0.3606,0.3603,0.3599,0.3595,0.3583,0.3571,0.3568,0.3564,0.3552,0.3545,0.3541,0.3539,0.3534,0.3532,0.3527,0.3517,0.3512,0.3509,0.3508,0.3501,0.3495,0.3495,0.3490,0.3488,0.3486,0.3482,0.3484,0.3483,0.3476,0.3475,0.3474,0.3474,0.3475,0.3474,0.3474,0.3474,0.3473,0.3472,0.3468,0.3470,0.3469,0.3467,0.3466,0.3466,0.3463,0.3458,0.3461,0.3461,0.3461,0.3454,0.3449,0.3444,0.3445,0.3445,0.3440,0.3437,0.3438,0.3436,0.3435,0.3438,0.3436,0.3434,0.3434,0.3434,0.3430,0.3430,0.3432,0.3432,0.3430,0.3425,0.3425,0.3427
0.9872,0.9846,1.0083,1.1026,1.2200,1.3361,1.4350,1.5189,1.5913,1.6526,1.7055,1.7508,1.7901,1.8250,1.8553,1.8816,1.9071,1.9282,1.9457,1.9630,1.9776,1.9906,2.0044,2.0157,2.0249,2.0348,2.0453,2.0559,2.0630,2.0709,2.0779,2.0844,2.0894,2.0939,2.0991,2.1002,2.1042,2.1082,2.1128,2.1189,2.1242,2.1280,2.1303,2.1336,2.1331,2.1360,2.1388,2.1408,2.1442,2.1452,2.1483,2.1498,2.1516,2.1532,2.1550,2.1573,2.1581,2.1604,2.1602,2.1610,2.1620,2.1659,2.1672,2.1675,2.1669,2.1685,2.1693,2.1701,2.1703,2.1714,2.1721,2.1724,2.1716,2.1724,2.1737,2.1745,2.1755,2.1740,2.1734,2.1732,2.1737,2.1734,2.1732,2.1724,2.1729,2.1719,2.1727,2.1714,2.1727,2.1721,2.1724,2.1716,2.1732,2.1724,2.1724,2.1714,2.1711,2.1708,2.1703,2.1706,2.1703,2.1695,2.1701,2.1690,2.1688,2.1682,2.1672,2.1667,2.1651,2.1656,2.1638,2.1641,2.1625,2.1628,2.1612,2.1604,2.1604,2.1599,2.1581,2.1589
0.9701,0.9714,0.9901,0.9940,1.0002,1.0077,1.0150,1.0224,1.0294,1.0377,1.0442,1.0512,1.0589,1.0658,1.0735,1.0800,1.0880,1.0945,1.1012,1.1083,1.1145,1.1219,1.1287,1.1353,1.1422,1.1480,1.1542,1.1613,1.1676,1.1738,1.1802,1.1859,1.1928,1.1988,1.2039,1.2102,1.2167,1.2214,1.2270,1.2325,1.2381,1.2433,1.2493,1.2546,1.2595,1.2651,1.2704,1.2752,1.2797,1.2847,1.2900,1.2946,1.2989,1.3036,1.3087,1.3137,1.3174,1.3215,1.3267,1.3314,1.3355,1.3390,1.3434,1.3469,1.3517,1.3561,1.3595,1.3635,1.3676,1.3719,1.3754,1.3785,1.3819,1.3856,1.3890,1.3929,1.3964,1.4000,1.4022,1.4058,1.4092,1.4120,1.4155,1.4180,1.4217,1.4240,1.4267,1.4288,1.4319,1.4348,1.4381,1.4403,1.4434,1.4459,1.4478,1.4504,1.4525,1.4549,1.4581,1.4602,1.4620,1.4650,1.4666,1.4690,1.4706,1.4730,1.4752,1.4774,1.4789,1.4812,1.4823,1.4850,1.4863,1.4886,1.4899,1.4911,1.4937,1.4950,1.4985,1.4996
0.9818,0.9782,0.9907,1.0344,1.0825,1.1298,1.1645,1.2049,1.2371,1.2695,1.2961,1.3283,1.3484,1.3732,1.3981,1.4162,1.4374,1.4612,1.4747,1.4878,1.5070,1.5197,1.5372,1.5482,1.5601,1.5738,1.5867,1.5995,1.6111,1.6182,1.6213,1.6293,1.6391,1.6476,1.6539,1.6615,1.6673,1.6741,1.6862,1.6884,1.6902,1.6920,1.6983,1.7010,1.7055,1.7101,1.7168,1.7236,1.7250,1.7263,1.7277,1.7318,1.7390,1.7399,1.7454,1.7481,1.7540,1.7540,1.7581,1.7585,1.7590,1.7622,1.7617,1.7626,1.7622,1.7626,1.7626,1.7635,1.7635,1.7654,1.7658,1.7658,1.7676,1.7676,1.7663,1.7685,1.7699,1.7694,1.7694,1.7726,1.7708,1.7699,1.7722,1.7708,1.7731,1.7717,1.7722,1.7731,1.7726,1.7735,1.7708,1.7704,1.7731,1.7694,1.7722,1.7722,1.7708,1.7713,1.7713,1.7722,1.7694,1.7704,1.7694,1.7695,1.7694,1.7685,1.7681,1.7663,1.7672,1.7663,1.7681,1.7649,1.7672,1.7654,1.7649,1.7654,1.7640,1.7640,1.7631,1.7631
0.9628,0.9601,0.9816,1.0077,1.0321,1.0551,1.0786,1.1025,1.1255,1.1490,1.1712,1.1944,1.2157,1.2383,1.2606,1.2827,1.3040,1.3259,1.3476,1.3676,1.3881,1.4078,1.4271,1.4472,1.4661,1.4851,1.5039,1.5220,1.5402,1.5586,1.5750,1.5914,1.6086,1.6243,1.6404,1.6555,1.6704,1.6850,1.6996,1.7135,1.7275,1.7403,1.7545,1.7675,1.7802,1.7913,1.8043,1.8152,1.8270,1.8382,1.8494,1.8592,1.8693,1.8797,1.8908,1.8988,1.9083,1.9178,1.9261,1.9346,1.9416,1.9521,1.9595,1.9668,1.9735,1.9814,1.9889,1.9960,2.0008,2.0086,2.0156,2.0220,2.0276,2.0331,2.0375,2.0442,2.0499,2.0545,2.0594,2.0637,2.0686,2.0733,2.0783,2.0828,2.0865,2.0912,2.0943,2.0970,2.1006,2.1043,2.1078,2.1116,2.1151,2.1182,2.1212,2.1239,2.1260,2.1281,2.1308,2.1339,2.1358,2.1388,2.1407,2.1432,2.1463,2.1476,2.1501,2.1523,2.1540,2.1552,2.1578,2.1578,2.1597,2.1616,2.1624,2.1648,2.1656,2.1673,2.1680,2.1701
1.0005,0.9979,0.9973,0.9835,0.9736,0.9672,0.9622,0.9588,0.9553,0.9521,0.9526,0.9500,0.9491,0.9479,0.9472,0.9461,0.9467,0.9446,0.9436,0.9423,0.9411,0.9415,0.9405,0.9402,0.9399,0.9394,0.9387,0.9373,0.9376,0.9378,0.9375,0.9373,0.9363,0.9361,0.9357,0.9355,0.9341,0.9346,0.9339,0.9335,0.9336,0.9342,0.9342,0.9335,0.9343,0.9335,0.9321,0.9321,0.9326,0.9317,0.9311,0.9315,0.9318,0.9320,0.9305,0.9312,0.9293,0.9293,0.9303,0.9299,0.9303,0.9293,0.9291,0.9290,0.9294,0.9290,0.9290,0.9283,0.9287,0.9280,0.9275,0.9269,0.9280,0.9277,0.9280,0.9271,0.9275,0.9275,0.9271,0.9262,0.9262,0.9266,0.9266,0.9257,0.9256,0.9254,0.9248,0.9254,0.9246,0.9248,0.9260,0.9253,0.9251,0.9251,0.9246,0.9246,0.9244,0.9247,0.9247,0.9247,0.9247,0.9254,0.9244,0.9248,0.9241,0.9241,0.9243,0.9240,0.9238,0.9237,0.9244,0.9247,0.9238,0.9243,0.9238,0.9240,0.9232,0.9226,0.9243,0.9229
1.0185,1.0188,1.0005,0.9605,0.9102,0.8620,0.8163,0.7775,0.7441,0.7144,0.6903,0.6695,0.6515,0.6349,0.6211,0.6092,0.5974,0.5887,0.5782,0.5708,0.5640,0.5575,0.5509,0.5473,0.5411,0.5364,0.5319,0.5284,0.5251,0.5222,0.5175,0.5156,0.5125,0.5093,0.5075,0.5064,0.5057,0.5021,0.5009,0.4977,0.4966,0.4953,0.4935,0.4917,0.4900,0.4880,0.4868,0.4863,0.4863,0.4855,0.4837,0.4826,0.4815,0.4815,0.4801,0.4787,0.4771,0.4762,0.4763,0.4757,0.4753,0.4745,0.4748,0.4735,0.4730,0.4723,0.4708,0.4702,0.4695,0.4689,0.4688,0.4683,0.4669,0.4668,0.4661,0.4656,0.4658,0.4657,0.4651,0.4647,0.4649,0.4644,0.4646,0.4643,0.4642,0.4630,0.4635,0.4630,0.4631,0.4629,0.4617,0.4613,0.4606,0.4606,0.4603,0.4603,0.4597,0.4595,0.4590,0.4585,0.4586,0.4591,0.4590,0.4580,0.4581,0.4572,0.4576,0.4576,0.4568,0.4570,0.4566,0.4563,0.4553,0.4553,0.4550,0.4557,0.4552,0.4553,0.4553,0.4546
0.9769,0.9766,1.0156,1.1605,1.4200,1.7523,2.1243,2.5158,2.9219,3.3309,3.7352,4.1336,4.5240,4.9073,5.2817,5.6472,6.0178,6.3894,6.7521,7.1010,7.4403,7.7536,8.0402,8.3388,8.6043,8.8618,9.0902,9.3095,9.5090,9.6800,9.8378,9.9778,10.1040,10.2344,10.3568,10.4581,10.5646,10.6673,10.7641,10.8583,10.9290,11.0061,11.0822,11.1551,11.2088,11.2630,11.3033,11.3561,11.4134,11.4649,11.5002,11.5127,11.5461,11.5733,11.6049,11.6345,11.6514,11.6472,11.6578,11.6727,11.6791,11.6983,11.7111,11.6983,11.6855,11.7047,11.7304,11.7541,11.7799,11.8102,11.8189,11.8189,11.8341,11.8450,11.8363,11.8276,11.8319,11.8341,11.8450,11.8450,11.8624,11.8624,11.8712,11.8646,11.8778,11.8581,11.8603,11.8472,11.8406,11.8363,11.8298,11.8319,11.8298,11.8276,11.8254,11.8276,11.8189,11.8102,11.8145,11.8080,11.8145,11.8102,11.8189,11.8102,11.7929,11.7605,11.7411,11.7218,11.7175,11.7282,11.7304,11.7325,11.7304,11.7390,11.7326,11.7412,11.7540,11.7390,11.7111,11.7004
1.0219,1.0201,0.9914,0.9264,0.8516,0.7812,0.7214,0.6712,0.6303,0.5969,0.5674,0.5433,0.5231,0.5068,0.4920,0.4795,0.4665,0.4587,0.4500,0.4418,0.4348,0.4294,0.4234,0.4197,0.4154,0.4110,0.4078,0.4043,0.4008,0.3992,0.3980,0.3956,0.3942,0.3913,0.3890,0.3876,0.3850,0.3834,0.3829,0.3811,0.3805,0.3795,0.3787,0.3783,0.3779,0.3770,0.3754,0.3757,0.3736,0.3736,0.3739,0.3718,0.3716,0.3710,0.3693,0.3695,0.3687,0.3677,0.3683,0.3672,0.3670,0.3668,0.3665,0.3650,0.3649,0.3635,0.3638,0.3649,0.3636,0.3626,0.3633,0.3627,0.3628,0.3622,0.3617,0.3624,0.3606,0.3608,0.3609,0.3599,0.3606,0.3587,0.3599,0.3591,0.3592,0.3590,0.3595,0.3589,0.3589,0.3589,0.3586,0.3583,0.3586,0.3580,0.3583,0.3580,0.3580,0.3582,0.3581,0.3580,0.3578,0.3577,0.3580,0.3580,0.3578,0.3580,0.3578,0.3572,0.3576,0.3573,0.3571,0.3575,0.3572,0.3566,0.3569,0.3572,0.3571,0.3569,0.3559,0.3571
0.9930,0.9930,0.9946,1.0032,1.0187,1.0358,1.0526,1.0685,1.0852,1.0996,1.1126,1.1260,1.1366,1.1484,1.1589,1.1689,1.1794,1.1879,1.1979,1.2052,1.2126,1.2203,1.2276,1.2327,1.2400,1.2460,1.2521,1.2573,1.2624,1.2689,1.2734,1.2788,1.2814,1.2859,1.2896,1.2931,1.2989,1.3025,1.3056,1.3071,1.3111,1.3149,1.3180,1.3215,1.3253,1.3281,1.3314,1.3327,1.3343,1.3373,1.3398,1.3426,1.3448,1.3470,1.3510,1.3518,1.3548,1.3570,1.3584,1.3590,1.3612,1.3634,1.3648,1.3666,1.3680,1.3700,1.3719,1.3734,1.3759,1.3778,1.3788,1.3803,1.3831,1.3843,1.3850,1.3860,1.3865,1.3875,1.3889,1.3904,1.3921,1.3930,1.3939,1.3956,1.3969,1.3978,1.3995,1.3997,1.4009,1.4028,1.4044,1.4052,1.4054,1.4061,1.4083,1.4095,1.4113,1.4116,1.4121,1.4125,1.4132,1.4134,1.4142,1.4153,1.4160,1.4167,1.4177,1.4191,1.4194,1.4201,1.4201,1.4217,1.4217,1.4231,1.4242,1.4254,1.4254,1.4264,1.4266,1.4271
1.0222,1.0212,0.9819,0.9070,0.8271,0.7566,0.6977,0.6491,0.6095,0.5768,0.5501,0.5271,0.5081,0.4913,0.4771,0.4650,0.4542,0.4440,0.4360,0.4281,0.4216,0.4150,0.4103,0.4043,0.3999,0.3968,0.3924,0.3887,0.3856,0.3827,0.3800,0.3778,0.3756,0.3734,0.3718,0.3709,0.3689,0.3671,0.3651,0.3637,0.3618,0.3610,0.3597,0.3586,0.3583,0.3577,0.3567,0.3551,0.3545,0.3534,0.3521,0.3517,0.3512,0.3499,0.3495,0.3485,0.3482,0.3477,0.3468,0.3467,0.3458,0.3455,0.3454,0.3454,0.3453,0.3452,0.3446,0.3446,0.3444,0.3436,0.3420,0.3419,0.3416,0.3414,0.3413,0.3409,0.3403,0.3401,0.3393,0.3391,0.3387,0.3386,0.3383,0.3382,0.3380,0.3379,0.3376,0.3376,0.3371,0.3366,0.3366,0.3365,0.3364,0.3360,0.3357,0.3356,0.3355,0.3354,0.3351,0.3351,0.3346,0.3347,0.3344,0.3340,0.3342,0.3339,0.3336,0.3335,0.3334,0.3335,0.3331,0.3328,0.3325,0.3330,0.3328,0.3325,0.3324,0.3325,0.3324,0.3324
0.9830,0.9845,1.0325,1.1293,1.2396,1.3447,1.4395,1.5211,1.5913,1.6523,1.7040,1.7490,1.7887,1.8218,1.8523,1.8796,1.9056,1.9271,1.9469,1.9651,1.9835,1.9970,2.0119,2.0251,2.0375,2.0472,2.0578,2.0686,2.0771,2.0838,2.0910,2.0983,2.1046,2.1111,2.1162,2.1210,2.1268,2.1324,2.1383,2.1416,2.1452,2.1517,2.1548,2.1586,2.1612,2.1651,2.1695,2.1716,2.1747,2.1779,2.1805,2.1826,2.1849,2.1881,2.1904,2.1912,2.1941,2.1960,2.1970,2.1989,2.2007,2.2015,2.2023,2.2039,2.2044,2.2071,2.2079,2.2100,2.2110,2.2129,2.2140,2.2145,2.2161,2.2164,2.2179,2.2185,2.2195,2.2206,2.2222,2.2238,2.2238,2.2260,2.2254,2.2265,2.2260,2.2265,2.2278,2.2273,2.2278,2.2281,2.2294,2.2297,2.2294,2.2318,2.2300,2.2313,2.2316,2.2308,2.2313,2.2324,2.2337,2.2337,2.2345,2.2334,2.2326,2.2326,2.2340,2.2332,2.2343,2.2353,2.2351,2.2351,2.2351,2.2364,2.2367,2.2364,2.2359,2.2359,2.2364,2.2351
0.9781,0.9780,0.9874,0.9964,1.0046,1.0115,1.0194,1.0258,1.0332,1.0405,1.0477,1.0550,1.0624,1.0702,1.0764,1.0836,1.0910,1.0975,1.1059,1.1122,1.1200,1.1270,1.1338,1.1411,1.1477,1.1555,1.1622,1.1686,1.1758,1.1822,1.1889,1.1959,1.2020,1.2086,1.2160,1.2208,1.2275,1.2352,1.2407,1.2467,1.2534,1.2591,1.2650,1.2711,1.2767,1.2824,1.2886,1.2946,1.3000,1.3057,1.3117,1.3167,1.3219,1.3275,1.3333,1.3377,1.3427,1.3479,1.3528,1.3578,1.3624,1.3682,1.3725,1.3773,1.3819,1.3858,1.3912,1.3955,1.3998,1.4043,1.4085,1.4132,1.4184,1.4216,1.4253,1.4290,1.4327,1.4373,1.4414,1.4450,1.4482,1.4518,1.4563,1.4602,1.4641,1.4671,1.4700,1.4733,1.4770,1.4809,1.4841,1.4875,1.4898,1.4932,1.4962,1.4992,1.5030,1.5058,1.5092,1.5116,1.5144,1.5170,1.5206,1.5230,1.5256,1.5284,1.5316,1.5335,1.5357,1.5391,1.5416,1.5453,1.5463,1.5477,1.5509,1.5537,1.5570,1.5582,1.5587,1.5617
0.9816,0.9820,1.0041,1.0455,1.0915,1.1284,1.1685,1.2024,1.2395,1.2668,1.3008,1.3257,1.3534,1.3830,1.4011,1.4215,1.4505,1.4648,1.4814,1.5025,1.5237,1.5359,1.5481,1.5654,1.5781,1.5950,1.6055,1.6156,1.6302,1.6412,1.6495,1.6596,1.6716,1.6809,1.6818,1.6869,1.6989,1.7091,1.7142,1.7198,1.7259,1.7375,1.7464,1.7515,1.7538,1.7552,1.7566,1.7618,1.7669,1.7725,1.7763,1.7800,1.7843,1.7899,1.7913,1.7937,1.7955,1.8007,1.8073,1.8097,1.8106,1.8115,1.8172,1.8200,1.8243,1.8276,1.8290,1.8299,1.8295,1.8304,1.8304,1.8304,1.8309,1.8332,1.8328,1.8323,1.8347,1.8370,1.8366,1.8380,1.8389,1.8418,1.8399,1.8427,1.8427,1.8446,1.8451,1.8446,1.8484,1.8465,1.8484,1.8479,1.8489,1.8489,1.8484,1.8503,1.8503,1.8493,1.8517,1.8536,1.8508,1.8527,1.8522,1.8503,1.8541,1.8522,1.8541,1.8541,1.8531,1.8555,1.8536,1.8560,1.8545,1.8550,1.8536,1.8541,1.8555,1.8536,1.8574,1.8550
0.9692,0.9697,0.9905,1.0164,1.0402,1.0634,1.0871,1.1095,1.1320,1.1546,1.1770,1.2003,1.2218,1.2435,1.2653,1.2877,1.3092,1.3304,1.3520,1.3740,1.3950,1.4150,1.4359,1.4567,1.4759,1.4970,1.5163,1.5353,1.5532,1.5722,1.5917,1.6087,1.6263,1.6446,1.6603,1.6775,1.6933,1.7099,1.7253,1.7405,1.7559,1.7699,1.7847,1.7983,1.8123,1.8263,1.8401,1.8520,1.8648,1.8770,1.8892,1.9003,1.9127,1.9235,1.9348,1.9450,1.9552,1.9654,1.9749,1.9850,1.9942,2.0032,2.0122,2.0207,2.0290,2.0373,2.0450,2.0532,2.0613,2.0681,2.0768,2.0823,2.0885,2.0962,2.1031,2.1089,2.1139,2.1211,2.1259,2.1326,2.1381,2.1434,2.1476,2.1534,2.1581,2.1634,2.1674,2.1730,2.1775,2.1803,2.1857,2.1893,2.1934,2.1982,2.2005,2.2057,2.2099,2.2120,2.2146,2.2175,2.2220,2.2244,2.2273,2.2292,2.2330,2.2358,2.2387,2.2413,2.2442,2.2459,2.2481,2.2503,2.2519,2.2554,2.2563,2.2603,2.2618,2.2640,2.2662,2.2674
1.0005,0.9994,0.9881,0.9750,0.9654,0.9587,0.9557,0.9518,0.9484,0.9463,0.9450,0.9433,0.9414,0.9411,0.9408,0.9399,0.9382,0.9397,0.9379,0.9370,0.9352,0.9363,0.9350,0.9358,0.9348,0.9347,0.9342,0.9333,0.9329,0.9330,0.9324,0.9323,0.9327,0.9333,0.9326,0.9326,0.9318,0.9312,0.9327,0.9317,0.9318,0.9311,0.9318,0.9320,0.9321,0.9318,0.9315,0.9320,0.9318,0.9315,0.9312,0.9311,0.9315,0.9315,0.9318,0.9318,0.9318,0.9318,0.9314,0.9306,0.9309,0.9314,0.9315,0.9309,0.9305,0.9302,0.9297,0.9309,0.9306,0.9299,0.9306,0.9303,0.9308,0.9306,0.9297,0.9309,0.9294,0.9302,0.9303,0.9293,0.9306,0.9291,0.9308,0.9293,0.9300,0.9297,0.9305,0.9300,0.9305,0.9294,0.9291,0.9297,0.9294,0.9294,0.9299,0.9290,0.9296,0.9309,0.9299,0.9291,0.9290,0.9284,0.9294,0.9297,0.9296,0.9293,0.9297,0.9291,0.9293,0.9294,0.9288,0.9299,0.9288,0.9293,0.9290,0.9291,0.9288,0.9300,0.9287,0.9294
1.0182,1.0201,1.0217,1.0215,1.0163,0.9873,0.9391,0.8859,0.8360,0.7922,0.7550,0.7233,0.6966,0.6733,0.6545,0.6362,0.6216,0.6090,0.5971,0.5877,0.5771,0.5712,0.5624,0.5543,0.5510,0.5442,0.5396,0.5344,0.5304,0.5277,0.5229,0.5194,0.5163,0.5127,0.5101,0.5090,0.5068,0.5041,0.5015,0.4990,0.4971,0.4964,0.4929,0.4923,0.4897,0.4887,0.4882,0.4880,0.4872,0.4855,0.4844,0.4825,0.4824,0.4819,0.4797,0.4788,0.4777,0.4770,0.4772,0.4767,0.4737,0.4733,0.4723,0.4718,0.4714,0.4702,0.4694,0.4679,0.4677,0.4674,0.4674,0.4672,0.4670,0.4668,0.4664,0.4662,0.4659,0.4663,0.4661,0.4657,0.4644,0.4645,0.4639,0.4641,0.4633,0.4619,0.4627,0.4624,0.4615,0.4608,0.4609,0.4602,0.4596,0.4586,0.4589,0.4580,0.4577,0.4571,0.4565,0.4573,0.4555,0.4562,0.4555,0.4560,0.4551,0.4552,0.4540,0.4540,0.4535,0.4529,0.4524,0.4526,0.4525,0.4521,0.4521,0.4516,0.4513,0.4520,0.4508,0.4508
0.9800,0.9773,0.9623,0.9575,0.9686,1.0591,1.2924,1.6289,2.0208,2.4378,2.8592,3.2850,3.7063,4.1237,4.5318,4.9367,5.3296,5.7178,6.0877,6.4514,6.8031,7.1379,7.4496,7.7512,8.0295,8.3047,8.5606,8.7897,9.0208,9.2090,9.4002,9.5676,9.7170,9.8585,9.9981,10.1442,10.2534,10.3698,10.4628,10.5572,10.6549,10.7407,10.8182,10.8888,10.9601,11.0224,11.0755,11.1229,11.1847,11.2309,11.2551,11.2714,11.2855,11.2936,11.3181,11.3262,11.3610,11.3795,11.4104,11.4353,11.4643,11.4831,11.5082,11.5355,11.5376,11.5502,11.5586,11.5650,11.5628,11.5734,11.5713,11.5861,11.5861,11.5671,11.5397,11.5208,11.5103,11.4894,11.4852,11.4998,11.5082,11.5334,11.5397,11.5460,11.5671,11.5671,11.5692,11.5861,11.6328,11.6755,11.7142,11.7509,11.7726,11.8183,11.8622,11.9173,11.9706,12.0288,12.0626,12.1147,12.1717,12.2223,12.2685,12.3174,12.3502,12.3901,12.4113,12.4326,12.4683,12.4873,12.5160,12.5448,12.5786,12.5955,12.6027,12.6270,12.6319,12.6294,12.6489,12.6782
1.0200,1.0226,1.0207,1.0176,1.0110,0.9677,0.8941,0.8179,0.7507,0.6944,0.6473,0.6098,0.5777,0.5519,0.5290,0.5094,0.4937,0.4801,0.4682,0.4599,0.4497,0.4421,0.4362,0.4278,0.4234,0.4200,0.4151,0.4107,0.4070,0.4040,0.4008,0.3994,0.3972,0.3949,0.3916,0.3900,0.3880,0.3861,0.3844,0.3834,0.3819,0.3800,0.3800,0.3790,0.3788,0.3783,0.3781,0.3751,0.3768,0.3749,0.3736,0.3715,0.3713,0.3705,0.3705,0.3696,0.3696,0.3682,0.3680,0.3673,0.3670,0.3670,0.3661,0.3652,0.3651,0.3645,0.3636,0.3642,0.3633,0.3632,0.3618,0.3619,0.3610,0.3620,0.3618,0.3611,0.3610,0.3600,0.3609,0.3611,0.3599,0.3602,0.3605,0.3604,0.3601,0.3596,0.3595,0.3595,0.3595,0.3591,0.3592,0.3588,0.3587,0.3590,0.3584,0.3584,0.3583,0.3584,0.3561,0.3577,0.3574,0.3561,0.3563,0.3556,0.3556,0.3556,0.3550,0.3547,0.3541,0.3536,0.3546,0.3545,0.3536,0.3541,0.3536,0.3527,0.3524,0.3538,0.3524,0.3527
0.9959,0.9955,0.9848,0.9741,0.9724,0.9835,1.0048,1.0262,1.0467,1.0646,1.0817,1.0988,1.1121,1.1267,1.1387,1.1513,1.1612,1.1736,1.1819,1.1918,1.2008,1.2082,1.2164,1.2243,1.2302,1.2371,1.2437,1.2500,1.2545,1.2599,1.2651,1.2707,1.2755,1.2790,1.2837,1.2886,1.2937,1.2976,1.3027,1.3043,1.3078,1.3110,1.3140,1.3171,1.3224,1.3250,1.3288,1.3303,1.3330,1.3360,1.3378,1.3411,1.3435,1.3470,1.3487,1.3504,1.3532,1.3556,1.3569,1.3579,1.3596,1.3621,1.3643,1.3664,1.3682,1.3699,1.3718,1.3747,1.3762,1.3771,1.3803,1.3824,1.3831,1.3837,1.3844,1.3848,1.3861,1.3872,1.3894,1.3903,1.3915,1.3920,1.3935,1.3956,1.3966,1.3971,1.3984,1.4003,1.4028,1.4039,1.4048,1.4049,1.4063,1.4096,1.4100,1.4103,1.4115,1.4120,1.4127,1.4138,1.4148,1.4168,1.4176,1.4185,1.4188,1.4204,1.4211,1.4211,1.4225,1.4234,1.4244,1.4244,1.4258,1.4266,1.4292,1.4302,1.4301,1.4304,1.4315,1.4318
1.0216,1.0221,1.0188,1.0167,1.0098,0.9571,0.8744,0.7953,0.7276,0.6723,0.6280,0.5906,0.5607,0.5356,0.5148,0.4965,0.4813,0.4682,0.4570,0.4468,0.4380,0.4302,0.4232,0.4161,0.4115,0.4054,0.4009,0.3976,0.3928,0.3896,0.3863,0.3842,0.3809,0.3782,0.3759,0.3735,0.3724,0.3704,0.3682,0.3663,0.3651,0.3636,0.3617,0.3607,0.3598,0.3593,0.3585,0.3580,0.3561,0.3545,0.3538,0.3530,0.3524,0.3522,0.3506,0.3500,0.3494,0.3487,0.3482,0.3475,0.3470,0.3464,0.3464,0.3463,0.3458,0.3457,0.3456,0.3439,0.3434,0.3431,0.3426,0.3424,0.3422,0.3422,0.3418,0.3411,0.3403,0.3401,0.3399,0.3398,0.3397,0.3395,0.3391,0.3391,0.3387,0.3388,0.3382,0.3379,0.3372,0.3366,0.3360,0.3360,0.3357,0.3356,0.3352,0.3346,0.3341,0.3339,0.3337,0.3334,0.3334,0.3334,0.3334,0.3331,0.3329,0.3327,0.3327,0.3326,0.3326,0.3323,0.3321,0.3311,0.3311,0.3309,0.3305,0.3304,0.3299,0.3302,0.3297,0.3293
0.9875,0.9867,0.9850,0.9830,0.9863,1.0466,1.1511,1.2633,1.3675,1.4587,1.5354,1.6013,1.6597,1.7080,1.7515,1.7881,1.8203,1.8494,1.8752,1.9002,1.9204,1.9407,1.9567,1.9741,1.9873,2.0007,2.0136,2.0242,2.0344,2.0436,2.0527,2.0611,2.0677,2.0754,2.0846,2.0903,2.0971,2.1011,2.1072,2.1107,2.1160,2.1234,2.1285,2.1325,2.1361,2.1397,2.1428,2.1464,2.1510,2.1544,2.1590,2.1606,2.1650,2.1673,2.1686,2.1707,2.1723,2.1751,2.1783,2.1804,2.1822,2.1838,2.1861,2.1893,2.1908,2.1940,2.1951,2.1956,2.1990,2.2014,2.2032,2.2059,2.2056,2.2051,2.2035,2.2054,2.2061,2.2088,2.2096,2.2101,2.2125,2.2125,2.2128,2.2128,2.2133,2.2154,2.2154,2.2178,2.2202,2.2224,2.2240,2.2240,2.2250,2.2253,2.2274,2.2296,2.2320,2.2344,2.2374,2.2387,2.2398,2.2414,2.2422,2.2433,2.2449,2.2463,2.2479,2.2482,2.2484,2.2509,2.2503,2.2519,2.2525,2.2538,2.2552,2.2557,2.2563,2.2563,2.2560,2.2566
0.9784,0.9777,0.9856,0.9888,0.9881,0.9917,0.9980,1.0047,1.0109,1.0178,1.0251,1.0324,1.0394,1.0469,1.0542,1.0616,1.0689,1.0761,1.0839,1.0903,1.0984,1.1051,1.1128,1.1202,1.1274,1.1356,1.1418,1.1497,1.1568,1.1634,1.1707,1.1771,1.1845,1.1911,1.1975,1.2043,1.2108,1.2168,1.2244,1.2311,1.2368,1.2433,1.2505,1.2558,1.2617,1.2685,1.2738,1.2793,1.2856,1.2911,1.2966,1.3030,1.3090,1.3140,1.3196,1.3257,1.3303,1.3357,1.3410,1.3460,1.3511,1.3557,1.3608,1.3667,1.3714,1.3752,1.3803,1.3858,1.3909,1.3949,1.3986,1.4039,1.4087,1.4129,1.4178,1.4214,1.4257,1.4302,1.4349,1.4382,1.4422,1.4466,1.4506,1.4541,1.4582,1.4617,1.4652,1.4684,1.4715,1.4760,1.4803,1.4833,1.4870,1.4904,1.4931,1.4970,1.5001,1.5040,1.5075,1.5107,1.5146,1.5176,1.5210,1.5246,1.5278,1.5312,1.5341,1.5384,1.5402,1.5437,1.5491,1.5508,1.5519,1.5554,1.5583,1.5614,1.5638,1.5668,1.5704,1.5727
0.9871,0.9838,0.9805,0.9751,0.9739,0.9991,1.0411,1.0867,1.1238,1.1675,1.1978,1.2368,1.2631,1.2968,1.3199,1.3456,1.3754,1.3934,1.4159,1.4421,1.4563,1.4763,1.4928,1.5143,1.5256,1.5386,1.5535,1.5661,1.5815,1.5933,1.6033,1.6165,1.6279,1.6365,1.6470,1.6617,1.6681,1.6695,1.6755,1.6837,1.6902,1.7022,1.7059,1.7169,1.7220,1.7290,1.7359,1.7419,1.7429,1.7438,1.7508,1.7568,1.7605,1.7643,1.7712,1.7750,1.7778,1.7792,1.7829,1.7890,1.7918,1.7955,1.8011,1.8053,1.8077,1.8142,1.8161,1.8166,1.8171,1.8175,1.8175,1.8194,1.8217,1.8217,1.8236,1.8236,1.8269,1.8302,1.8302,1.8307,1.8325,1.8335,1.8340,1.8354,1.8373,1.8382,1.8391,1.8448,1.8448,1.8481,1.8481,1.8514,1.8509,1.8537,1.8537,1.8552,1.8556,1.8570,1.8603,1.8637,1.8655,1.8684,1.8698,1.8712,1.8722,1.8726,1.8736,1.8750,1.8731,1.8797,1.8774,1.8769,1.8868,1.8854,1.8868,1.8887,1.8883,1.8883,1.8883,1.8887
0.9692,0.9688,0.9847,0.9914,0.9913,1.0041,1.0262,1.0483,1.0709,1.0933,1.1164,1.1389,1.1614,1.1847,1.2075,1.2306,1.2528,1.2746,1.2970,1.3192,1.3410,1.3620,1.3844,1.4064,1.4278,1.4478,1.4685,1.4886,1.5090,1.5278,1.5478,1.5664,1.5854,1.6031,1.6215,1.6394,1.6561,1.6735,1.6900,1.7070,1.7235,1.7373,1.7536,1.7682,1.7832,1.7972,1.8118,1.8236,1.8378,1.8491,1.8617,1.8750,1.8876,1.8997,1.9118,1.9236,1.9345,1.9442,1.9542,1.9648,1.9753,1.9836,1.9932,2.0030,2.0104,2.0198,2.0289,2.0370,2.0450,2.0529,2.0613,2.0687,2.0767,2.0841,2.0920,2.0978,2.1038,2.1107,2.1168,2.1227,2.1306,2.1353,2.1408,2.1467,2.1509,2.1573,2.1624,2.1680,2.1709,2.1761,2.1810,2.1864,2.1918,2.1935,2.1987,2.2030,2.2056,2.2097,2.2149,2.2177,2.2232,2.2262,2.2300,2.2339,2.2378,2.2409,2.2455,2.2488,2.2517,2.2550,2.2585,2.2616,2.2654,2.2676,2.2705,2.2734,2.2767,2.2796,2.2814,2.2836
1.0009,0.9997,0.9848,0.9689,0.9627,0.9581,0.9542,0.9534,0.9492,0.9486,0.9468,0.9458,0.9447,0.9450,0.9423,0.9423,0.9423,0.9416,0.9408,0.9408,0.9408,0.9404,0.9402,0.9395,0.9389,0.9383,0.9380,0.9384,0.9372,0.9383,0.9366,0.9378,0.9369,0.9368,0.9368,0.9368,0.9362,0.9360,0.9366,0.9375,0.9362,0.9368,0.9359,0.9350,0.9348,0.9347,0.9360,0.9350,0.9363,0.9374,0.9371,0.9365,0.9365,0.9357,0.9359,0.9357,0.9360,0.9356,0.9357,0.9353,0.9362,0.9365,0.9362,0.9366,0.9383,0.9375,0.9378,0.9384,0.9383,0.9393,0.9380,0.9390,0.9386,0.9386,0.9384,0.9375,0.9372,0.9380,0.9378,0.9381,0.9374,0.9377,0.9368,0.9377,0.9365,0.9368,0.9363,0.9372,0.9377,0.9381,0.9386,0.9374,0.9374,0.9387,0.9375,0.9381,0.9387,0.9389,0.9375,0.9393,0.9398,0.9396,0.9404,0.9390,0.9390,0.9393,0.9395,0.9389,0.9389,0.9390,0.9393,0.9401,0.9386,0.9405,0.9399,0.9390,0.9387,0.9387,0.9380,0.9387
1.0181,1.0505,1.0466,0.9994,0.9665,0.9314,0.8931,0.8565,0.8224,0.7925,0.7659,0.7426,0.7209,0.7017,0.6857,0.6714,0.6577,0.6467,0.6343,0.6264,0.6164,0.6071,0.6020,0.5938,0.5876,0.5827,0.5765,0.5717,0.5662,0.5623,0.5590,0.5549,0.5507,0.5474,0.5436,0.5413,0.5398,0.5361,0.5333,0.5301,0.5285,0.5262,0.5237,0.5208,0.5199,0.5194,0.5172,0.5153,0.5137,0.5114,0.5101,0.5087,0.5069,0.5059,0.5037,0.5021,0.5012,0.4999,0.4989,0.4989,0.4986,0.4968,0.4950,0.4935,0.4936,0.4914,0.4909,0.4900,0.4895,0.4887,0.4881,0.4876,0.4860,0.4849,0.4849,0.4824,0.4817,0.4813,0.4815,0.4800,0.4793,0.4788,0.4787,0.4784,0.4784,0.4784,0.4778,0.4778,0.4772,0.4759,0.4754,0.4751,0.4741,0.4737,0.4731,0.4723,0.4727,0.4718,0.4710,0.4709,0.4703,0.4687,0.4686,0.4685,0.4685,0.4676,0.4676,0.4677,0.4671,0.4667,0.4658,0.4657,0.4645,0.4652,0.4642,0.4629,0.4635,0.4628,0.4622,0.4619
0.9826,0.9809,0.9817,1.0200,1.1380,1.3285,1.5683,1.8335,2.1123,2.3921,2.6719,2.9531,3.2324,3.5090,3.7792,4.0462,4.3013,4.5527,4.7972,5.0336,5.2555,5.4723,5.6791,5.8752,6.0705,6.2552,6.4249,6.5936,6.7553,6.9091,7.0637,7.1999,7.3428,7.4652,7.5849,7.7085,7.8248,7.9260,8.0316,8.1211,8.2157,8.2970,8.3669,8.4479,8.5248,8.6015,8.6752,8.7445,8.8091,8.8731,8.9198,8.9851,9.0284,9.1034,9.1433,9.1936,9.2399,9.2822,9.3455,9.3707,9.4124,9.4770,9.5057,9.5560,9.5928,9.6066,9.6407,9.6842,9.7139,9.7438,9.7832,9.8278,9.8453,9.8661,9.8838,9.9193,9.9501,9.9762,9.9974,10.0220,10.0468,10.0749,10.1080,10.1231,10.1331,10.1666,10.1918,10.2155,10.2341,10.2545,10.2749,10.2869,10.3075,10.3246,10.3522,10.3799,10.3886,10.4077,10.4304,10.4514,10.4724,10.5059,10.5041,10.5183,10.5413,10.5573,10.5627,10.5787,10.5984,10.6109,10.6217,10.6271,10.6469,10.6523,10.6577,10.6722,10.6812,10.6994,10.7103,10.7212
1.0202,1.0459,1.0360,0.9852,0.9333,0.8752,0.8205,0.7707,0.7258,0.6871,0.6539,0.6254,0.6002,0.5784,0.5580,0.5425,0.5263,0.5156,0.5031,0.4940,0.4834,0.4760,0.4682,0.4611,0.4557,0.4510,0.4441,0.4397,0.4360,0.4336,0.4297,0.4254,0.4222,0.4190,0.4165,0.4141,0.4135,0.4105,0.4080,0.4049,0.4040,0.4028,0.4001,0.3994,0.3979,0.3948,0.3946,0.3944,0.3933,0.3925,0.3925,0.3898,0.3914,0.3878,0.3870,0.3861,0.3842,0.3849,0.3836,0.3823,0.3827,0.3809,0.3798,0.3797,0.3799,0.3783,0.3776,0.3770,0.3769,0.3757,0.3751,0.3737,0.3742,0.3738,0.3732,0.3734,0.3731,0.3732,0.3726,0.3723,0.3724,0.3724,0.3713,0.3722,0.3714,0.3715,0.3703,0.3688,0.3697,0.3697,0.3688,0.3688,0.3670,0.3676,0.3676,0.3661,0.3657,0.3645,0.3652,0.3643,0.3649,0.3651,0.3638,0.3638,0.3636,0.3635,0.3631,0.3625,0.3630,0.3628,0.3620,0.3616,0.3616,0.3621,0.3608,0.3617,0.3609,0.3608,0.3601,0.3596
0.9945,0.9970,1.0002,1.0017,1.0083,1.0177,1.0297,1.0415,1.0533,1.0653,1.0755,1.0860,1.0961,1.1046,1.1155,1.1229,1.1311,1.1396,1.1471,1.1551,1.1627,1.1683,1.1737,1.1803,1.1872,1.1924,1.1966,1.2019,1.2074,1.2119,1.2174,1.2197,1.2248,1.2294,1.2340,1.2383,1.2427,1.2450,1.2488,1.2528,1.2555,1.2604,1.2633,1.2668,1.2688,1.2707,1.2743,1.2767,1.2796,1.2821,1.2850,1.2880,1.2899,1.2935,1.2945,1.2963,1.2982,1.3003,1.3019,1.3046,1.3064,1.3091,1.3127,1.3140,1.3152,1.3197,1.3200,1.3210,1.3224,1.3244,1.3256,1.3271,1.3289,1.3308,1.3324,1.3339,1.3353,1.3365,1.3388,1.3405,1.3419,1.3447,1.3459,1.3466,1.3481,1.3488,1.3502,1.3522,1.3539,1.3548,1.3558,1.3573,1.3592,1.3607,1.3614,1.3624,1.3650,1.3676,1.3684,1.3689,1.3707,1.3722,1.3743,1.3753,1.3758,1.3760,1.3770,1.3775,1.3798,1.3807,1.3815,1.3826,1.3836,1.3839,1.3845,1.3871,1.3879,1.3888,1.3902,1.3904
1.0214,1.0487,1.0393,0.9760,0.9140,0.8536,0.7962,0.7454,0.7018,0.6642,0.6316,0.6038,0.5796,0.5588,0.5414,0.5250,0.5110,0.4989,0.4871,0.4773,0.4684,0.4604,0.4522,0.4465,0.4399,0.4349,0.4295,0.4242,0.4206,0.4161,0.4116,0.4084,0.4060,0.4021,0.3990,0.3961,0.3939,0.3927,0.3894,0.3872,0.3850,0.3830,0.3811,0.3799,0.3786,0.3766,0.3750,0.3733,0.3724,0.3713,0.3696,0.3686,0.3678,0.3674,0.3669,0.3654,0.3644,0.3631,0.3618,0.3613,0.3605,0.3593,0.3586,0.3576,0.3567,0.3561,0.3556,0.3550,0.3547,0.3546,0.3543,0.3540,0.3535,0.3533,0.3527,0.3509,0.3508,0.3506,0.3502,0.3492,0.3484,0.3482,0.3478,0.3475,0.3474,0.3469,0.3465,0.3458,0.3451,0.3448,0.3443,0.3441,0.3438,0.3431,0.3430,0.3424,0.3424,0.3418,0.3417,0.3416,0.3416,0.3416,0.3416,0.3413,0.3410,0.3408,0.3406,0.3406,0.3404,0.3399,0.3394,0.3387,0.3391,0.3378,0.3381,0.3377,0.3378,0.3374,0.3373,0.3373
0.9850,0.9845,0.9908,1.0303,1.0881,1.1540,1.2234,1.2908,1.3546,1.4144,1.4662,1.5141,1.5558,1.5943,1.6281,1.6580,1.6870,1.7118,1.7345,1.7557,1.7757,1.7925,1.8097,1.8260,1.8402,1.8541,1.8663,1.8790,1.8898,1.9006,1.9125,1.9223,1.9303,1.9398,1.9493,1.9589,1.9661,1.9739,1.9814,1.9902,1.9969,2.0019,2.0083,2.0134,2.0194,2.0259,2.0315,2.0371,2.0410,2.0453,2.0485,2.0537,2.0571,2.0640,2.0672,2.0712,2.0756,2.0784,2.0818,2.0856,2.0893,2.0926,2.0986,2.1011,2.1046,2.1069,2.1104,2.1137,2.1155,2.1175,2.1203,2.1236,2.1249,2.1274,2.1294,2.1320,2.1356,2.1368,2.1409,2.1435,2.1461,2.1474,2.1499,2.1512,2.1538,2.1564,2.1587,2.1603,2.1610,2.1639,2.1652,2.1667,2.1693,2.1704,2.1722,2.1730,2.1751,2.1790,2.1795,2.1811,2.1832,2.1847,2.1860,2.1884,2.1897,2.1908,2.1926,2.1944,2.1950,2.1960,2.1973,2.1981,2.1989,2.1994,2.2005,2.2013,2.2018,2.2047,2.2045,2.2063
0.9796,0.9973,1.0008,0.9943,0.9978,1.0037,1.0092,1.0141,1.0193,1.0246,1.0289,1.0350,1.0404,1.0453,1.0502,1.0559,1.0607,1.0662,1.0719,1.0772,1.0822,1.0892,1.0935,1.0987,1.1046,1.1094,1.1147,1.1204,1.1259,1.1309,1.1362,1.1419,1.1465,1.1517,1.1574,1.1621,1.1675,1.1733,1.1781,1.1831,1.1883,1.1938,1.1993,1.2039,1.2089,1.2140,1.2191,1.2236,1.2289,1.2347,1.2396,1.2438,1.2487,1.2539,1.2587,1.2632,1.2680,1.2733,1.2778,1.2817,1.2865,1.2907,1.2962,1.2999,1.3043,1.3089,1.3140,1.3186,1.3220,1.3265,1.3306,1.3353,1.3398,1.3432,1.3476,1.3516,1.3566,1.3596,1.3642,1.3675,1.3710,1.3751,1.3794,1.3828,1.3870,1.3906,1.3945,1.3986,1.4017,1.4044,1.4082,1.4121,1.4163,1.4202,1.4237,1.4263,1.4293,1.4328,1.4359,1.4398,1.4435,1.4465,1.4495,1.4524,1.4555,1.4596,1.4625,1.4655,1.4684,1.4710,1.4736,1.4768,1.4802,1.4836,1.4861,1.4896,1.4917,1.4934,1.4964,1.4993
0.9841,0.9837,0.9837,1.0000,1.0221,1.0465,1.0709,1.0971,1.1183,1.1422,1.1704,1.1871,1.2121,1.2367,1.2549,1.2736,1.2954,1.3194,1.3300,1.3480,1.3687,1.3877,1.3970,1.4117,1.4273,1.4420,1.4603,1.4666,1.4778,1.4922,1.5052,1.5192,1.5328,1.5386,1.5495,1.5595,1.5691,1.5800,1.5923,1.6028,1.6083,1.6142,1.6220,1.6298,1.6418,1.6473,1.6565,1.6620,1.6722,1.6801,1.6824,1.6828,1.6856,1.6944,1.6995,1.7041,1.7116,1.7162,1.7204,1.7246,1.7307,1.7376,1.7418,1.7479,1.7526,1.7563,1.7568,1.7573,1.7568,1.7610,1.7643,1.7699,1.7732,1.7751,1.7788,1.7826,1.7873,1.7887,1.7938,1.7943,1.7943,1.8009,1.8004,1.8061,1.8080,1.8103,1.8131,1.8155,1.8174,1.8216,1.8231,1.8259,1.8283,1.8292,1.8301,1.8320,1.8320,1.8320,1.8320,1.8330,1.8339,1.8358,1.8372,1.8372,1.8401,1.8401,1.8443,1.8443,1.8453,1.8448,1.8453,1.8500,1.8486,1.8486,1.8500,1.8510,1.8519,1.8533,1.8538,1.8567
0.9709,0.9832,0.9920,1.0013,1.0156,1.0329,1.0487,1.0647,1.0806,1.0964,1.1125,1.1284,1.1446,1.1602,1.1775,1.1939,1.2109,1.2270,1.2436,1.2602,1.2758,1.2917,1.3084,1.3237,1.3398,1.3562,1.3717,1.3874,1.4037,1.4180,1.4342,1.4486,1.4633,1.4792,1.4930,1.5077,1.5213,1.5367,1.5503,1.5643,1.5780,1.5918,1.6063,1.6200,1.6324,1.6459,1.6590,1.6719,1.6825,1.6972,1.7077,1.7202,1.7320,1.7434,1.7552,1.7659,1.7777,1.7887,1.7975,1.8085,1.8191,1.8290,1.8401,1.8491,1.8582,1.8679,1.8784,1.8864,1.8961,1.9053,1.9127,1.9218,1.9310,1.9386,1.9462,1.9539,1.9628,1.9697,1.9771,1.9838,1.9912,1.9994,2.0050,2.0125,2.0181,2.0254,2.0317,2.0380,2.0431,2.0497,2.0554,2.0628,2.0688,2.0723,2.0770,2.0843,2.0895,2.0953,2.0999,2.1042,2.1088,2.1137,2.1189,2.1231,2.1284,2.1326,2.1375,2.1411,2.1451,2.1496,2.1530,2.1581,2.1619,2.1658,2.1705,2.1724,2.1763,2.1797,2.1829,2.1873
1.0014,1.0011,1.0023,0.9915,0.9825,0.9747,0.9701,0.9671,0.9644,0.9622,0.9618,0.9607,0.9602,0.9590,0.9575,0.9574,0.9540,0.9540,0.9527,0.9533,0.9525,0.9524,0.9524,0.9515,0.9513,0.9506,0.9497,0.9498,0.9491,0.9498,0.9484,0.9483,0.9484,0.9483,0.9494,0.9481,0.9495,0.9475,0.9481,0.9480,0.9486,0.9487,0.9481,0.9477,0.9474,0.9460,0.9469,0.9486,0.9465,0.9466,0.9483,0.9457,0.9468,0.9459,0.9460,0.9456,0.9459,0.9462,0.9450,0.9459,0.9468,0.9462,0.9439,0.9453,0.9463,0.9462,0.9447,0.9439,0.9444,0.9442,0.9448,0.9435,0.9445,0.9445,0.9442,0.9444,0.9436,0.9438,0.9438,0.9445,0.9444,0.9445,0.9441,0.9436,0.9438,0.9450,0.9447,0.9448,0.9451,0.9445,0.9445,0.9438,0.9436,0.9439,0.9442,0.9444,0.9436,0.9438,0.9441,0.9436,0.9447,0.9450,0.9435,0.9448,0.9439,0.9445,0.9433,0.9442,0.9450,0.9445,0.9433,0.9438,0.9441,0.9445,0.9433,0.9436,0.9435,0.9430,0.9433,0.9429
1.0187,1.0186,0.9866,0.9357,0.8781,0.8227,0.7763,0.7363,0.7038,0.6755,0.6510,0.6303,0.6137,0.5991,0.5858,0.5749,0.5641,0.5554,0.5465,0.5397,0.5344,0.5257,0.5218,0.5180,0.5141,0.5091,0.5061,0.5008,0.4980,0.4972,0.4935,0.4905,0.4872,0.4859,0.4825,0.4807,0.4782,0.4771,0.4767,0.4761,0.4730,0.4717,0.4693,0.4683,0.4668,0.4663,0.4656,0.4637,0.4613,0.4608,0.4601,0.4583,0.4574,0.4573,0.4566,0.4561,0.4557,0.4554,0.4539,0.4545,0.4535,0.4522,0.4508,0.4503,0.4496,0.4492,0.4491,0.4488,0.4474,0.4468,0.4465,0.4454,0.4459,0.4453,0.4443,0.4450,0.4436,0.4434,0.4424,0.4419,0.4414,0.4410,0.4414,0.4405,0.4407,0.4402,0.4404,0.4391,0.4399,0.4392,0.4379,0.4377,0.4386,0.4375,0.4376,0.4371,0.4372,0.4372,0.4370,0.4366,0.4366,0.4365,0.4363,0.4363,0.4362,0.4363,0.4361,0.4363,0.4358,0.4356,0.4357,0.4356,0.4356,0.4357,0.4350,0.4342,0.4353,0.4337,0.4337,0.4330
0.9797,0.9813,1.0565,1.2932,1.6826,2.1714,2.7248,3.3138,3.9192,4.5437,5.1860,5.8332,6.5033,7.1734,7.8490,8.5054,9.1671,9.7782,10.3622,10.9273,11.4561,11.9335,12.3913,12.8046,13.2055,13.5530,13.9019,14.1832,14.4418,14.6902,14.9243,15.1265,15.3175,15.4893,15.6378,15.7684,15.9215,16.0214,16.1329,16.2456,16.3491,16.4463,16.5152,16.5664,16.6326,16.6917,16.7663,16.8187,16.8639,16.9131,16.9854,17.0198,17.0698,17.0930,17.1161,17.1355,17.1588,17.1900,17.2173,17.2368,17.2565,17.2879,17.3155,17.3313,17.3511,17.3551,17.3788,17.4106,17.4106,17.4345,17.4266,17.4385,17.4505,17.4705,17.4625,17.4866,17.4906,17.5067,17.4986,17.5067,17.5027,17.4866,17.5067,17.5389,17.5348,17.5429,17.5470,17.5349,17.5510,17.5591,17.5631,17.5793,17.5793,17.5915,17.5874,17.6239,17.6118,17.5874,17.5996,17.5996,17.6077,17.5915,17.6036,17.5833,17.5915,17.5793,17.5915,17.5915,17.5996,17.5915,17.5955,17.5874,17.5915,17.5793,17.5874,17.5752,17.5753,17.5793,17.5834,17.5713
1.0217,1.0182,0.9721,0.8936,0.8107,0.7379,0.6780,0.6285,0.5896,0.5567,0.5310,0.5083,0.4908,0.4746,0.4611,0.4503,0.4405,0.4321,0.4235,0.4174,0.4137,0.4064,0.4007,0.3979,0.3955,0.3927,0.3875,0.3848,0.3823,0.3801,0.3781,0.3760,0.3753,0.3734,0.3727,0.3709,0.3700,0.3679,0.3653,0.3648,0.3646,0.3633,0.3622,0.3607,0.3609,0.3594,0.3577,0.3575,0.3572,0.3558,0.3555,0.3555,0.3555,0.3550,0.3547,0.3545,0.3542,0.3540,0.3540,0.3536,0.3528,0.3522,0.3519,0.3523,0.3503,0.3502,0.3493,0.3499,0.3490,0.3483,0.3487,0.3474,0.3474,0.3474,0.3453,0.3468,0.3453,0.3463,0.3460,0.3455,0.3449,0.3451,0.3449,0.3441,0.3442,0.3440,0.3442,0.3441,0.3444,0.3435,0.3441,0.3436,0.3429,0.3431,0.3431,0.3425,0.3429,0.3427,0.3421,0.3417,0.3417,0.3421,0.3414,0.3416,0.3417,0.3416,0.3412,0.3420,0.3401,0.3406,0.3398,0.3402,0.3416,0.3393,0.3393,0.3404,0.3390,0.3401,0.3390,0.3392
0.9971,0.9971,1.0001,1.0156,1.0348,1.0553,1.0745,1.0923,1.1092,1.1234,1.1386,1.1524,1.1633,1.1755,1.1850,1.1947,1.2043,1.2118,1.2193,1.2283,1.2338,1.2397,1.2462,1.2532,1.2587,1.2629,1.2689,1.2744,1.2791,1.2846,1.2864,1.2908,1.2948,1.2985,1.3038,1.3068,1.3106,1.3124,1.3146,1.3179,1.3205,1.3244,1.3259,1.3299,1.3319,1.3356,1.3373,1.3386,1.3407,1.3439,1.3454,1.3481,1.3508,1.3520,1.3559,1.3579,1.3588,1.3605,1.3641,1.3653,1.3658,1.3668,1.3682,1.3696,1.3713,1.3728,1.3740,1.3757,1.3776,1.3793,1.3802,1.3830,1.3847,1.3857,1.3863,1.3876,1.3902,1.3918,1.3923,1.3934,1.3934,1.3939,1.3951,1.3960,1.3977,1.3982,1.3991,1.4003,1.4014,1.4028,1.4031,1.4042,1.4057,1.4066,1.4073,1.4082,1.4084,1.4112,1.4121,1.4131,1.4135,1.4140,1.4145,1.4150,1.4161,1.4170,1.4196,1.4189,1.4200,1.4203,1.4210,1.4214,1.4214,1.4216,1.4214,1.4221,1.4228,1.4240,1.4246,1.4251
1.0223,1.0180,0.9608,0.8714,0.7857,0.7133,0.6541,0.6076,0.5694,0.5389,0.5134,0.4923,0.4742,0.4589,0.4462,0.4351,0.4251,0.4166,0.4090,0.4022,0.3962,0.3910,0.3858,0.3814,0.3771,0.3740,0.3702,0.3684,0.3655,0.3622,0.3599,0.3575,0.3559,0.3550,0.3535,0.3512,0.3493,0.3482,0.3466,0.3454,0.3438,0.3433,0.3428,0.3421,0.3413,0.3398,0.3387,0.3373,0.3366,0.3362,0.3357,0.3350,0.3337,0.3333,0.3329,0.3321,0.3313,0.3309,0.3305,0.3301,0.3300,0.3300,0.3298,0.3294,0.3293,0.3290,0.3285,0.3280,0.3268,0.3266,0.3264,0.3261,0.3258,0.3251,0.3248,0.3239,0.3238,0.3236,0.3235,0.3230,0.3233,0.3229,0.3226,0.3225,0.3219,0.3217,0.3215,0.3209,0.3206,0.3206,0.3205,0.3201,0.3204,0.3198,0.3197,0.3193,0.3191,0.3189,0.3190,0.3187,0.3182,0.3181,0.3182,0.3182,0.3178,0.3178,0.3174,0.3174,0.3172,0.3173,0.3172,0.3172,0.3172,0.3172,0.3172,0.3170,0.3169,0.3169,0.3169,0.3166
0.9831,0.9871,1.0549,1.1714,1.2994,1.4215,1.5264,1.6169,1.6927,1.7585,1.8136,1.8630,1.9045,1.9437,1.9757,2.0054,2.0307,2.0551,2.0766,2.0963,2.1136,2.1306,2.1449,2.1589,2.1729,2.1843,2.1977,2.2091,2.2179,2.2264,2.2352,2.2452,2.2522,2.2592,2.2660,2.2729,2.2775,2.2838,2.2912,2.2957,2.3012,2.3042,2.3081,2.3137,2.3184,2.3218,2.3260,2.3294,2.3341,2.3372,2.3412,2.3440,2.3471,2.3497,2.3522,2.3553,2.3579,2.3610,2.3630,2.3650,2.3673,2.3684,2.3707,2.3742,2.3773,2.3790,2.3819,2.3819,2.3845,2.3854,2.3880,2.3903,2.3911,2.3917,2.3932,2.3935,2.3955,2.3964,2.3984,2.3993,2.4016,2.4016,2.4033,2.4045,2.4056,2.4059,2.4080,2.4074,2.4083,2.4097,2.4097,2.4106,2.4129,2.4132,2.4144,2.4156,2.4173,2.4161,2.4173,2.4191,2.4173,2.4188,2.4211,2.4191,2.4202,2.4214,2.4217,2.4220,2.4235,2.4235,2.4258,2.4243,2.4249,2.4252,2.4279,2.4258,2.4282,2.4267,2.4279,2.4296
0.9789,0.9802,0.9904,0.9999,1.0089,1.0168,1.0252,1.0335,1.0430,1.0513,1.0601,1.0689,1.0782,1.0869,1.0963,1.1054,1.1143,1.1232,1.1321,1.1413,1.1501,1.1585,1.1674,1.1757,1.1846,1.1926,1.2011,1.2096,1.2180,1.2266,1.2343,1.2436,1.2512,1.2594,1.2670,1.2749,1.2831,1.2900,1.2985,1.3057,1.3128,1.3207,1.3277,1.3353,1.3427,1.3492,1.3563,1.3633,1.3697,1.3769,1.3839,1.3901,1.3962,1.4032,1.4096,1.4156,1.4214,1.4283,1.4337,1.4401,1.4464,1.4521,1.4575,1.4634,1.4696,1.4753,1.4798,1.4855,1.4908,1.4965,1.5012,1.5057,1.5112,1.5166,1.5215,1.5261,1.5307,1.5351,1.5402,1.5450,1.5490,1.5539,1.5580,1.5626,1.5680,1.5719,1.5757,1.5810,1.5848,1.5896,1.5933,1.5954,1.5995,1.6037,1.6068,1.6106,1.6165,1.6182,1.6210,1.6249,1.6286,1.6309,1.6353,1.6407,1.6424,1.6438,1.6474,1.6498,1.6544,1.6564,1.6595,1.6628,1.6666,1.6684,1.6705,1.6732,1.6756,1.6793,1.6806,1.6819
0.9822,0.9826,1.0131,1.0598,1.1102,1.1584,1.2023,1.2482,1.2852,1.3264,1.3576,1.3957,1.4229,1.4573,1.4788,1.5086,1.5344,1.5544,1.5767,1.6027,1.6169,1.6404,1.6602,1.6801,1.6889,1.7056,1.7224,1.7392,1.7565,1.7621,1.7729,1.7889,1.7983,1.8115,1.8238,1.8338,1.8376,1.8456,1.8556,1.8656,1.8718,1.8794,1.8885,1.9004,1.9066,1.9095,1.9129,1.9177,1.9201,1.9277,1.9325,1.9398,1.9441,1.9499,1.9532,1.9571,1.9648,1.9687,1.9730,1.9774,1.9837,1.9861,1.9875,1.9890,1.9895,1.9924,1.9929,1.9967,1.9982,2.0016,2.0035,2.0050,2.0074,2.0084,2.0128,2.0142,2.0206,2.0181,2.0230,2.0225,2.0254,2.0249,2.0274,2.0303,2.0308,2.0322,2.0288,2.0347,2.0366,2.0381,2.0361,2.0415,2.0440,2.0415,2.0430,2.0440,2.0454,2.0449,2.0484,2.0459,2.0459,2.0498,2.0518,2.0488,2.0518,2.0532,2.0523,2.0523,2.0523,2.0581,2.0596,2.0596,2.0552,2.0581,2.0611,2.0567,2.0625,2.0567,2.0611,2.0630
0.9689,0.9720,0.9966,1.0240,1.0490,1.0734,1.0996,1.1244,1.1503,1.1755,1.2005,1.2258,1.2500,1.2752,1.3008,1.3249,1.3502,1.3744,1.3995,1.4236,1.4465,1.4701,1.4933,1.5152,1.5379,1.5599,1.5817,1.6034,1.6232,1.6448,1.6650,1.6847,1.7041,1.7246,1.7430,1.7604,1.7792,1.7954,1.8143,1.8309,1.8471,1.8645,1.8793,1.8956,1.9099,1.9258,1.9395,1.9544,1.9666,1.9811,1.9925,2.0057,2.0184,2.0299,2.0419,2.0538,2.0650,2.0762,2.0884,2.0963,2.1073,2.1165,2.1273,2.1355,2.1457,2.1544,2.1625,2.1702,2.1783,2.1884,2.1947,2.2018,2.2094,2.2173,2.2240,2.2304,2.2367,2.2431,2.2493,2.2548,2.2621,2.2670,2.2719,2.2788,2.2830,2.2895,2.2936,2.2994,2.3037,2.3077,2.3120,2.3156,2.3208,2.3240,2.3288,2.3315,2.3370,2.3399,2.3445,2.3468,2.3498,2.3544,2.3592,2.3622,2.3645,2.3675,2.3700,2.3735,2.3751,2.3776,2.3802,2.3818,2.3846,2.3876,2.3899,2.3918,2.3943,2.3969,2.3981,2.3976
1.0017,0.9993,0.9870,0.9766,0.9699,0.9643,0.9617,0.9596,0.9584,0.9555,0.9557,0.9552,0.9550,0.9544,0.9541,0.9531,0.9531,0.9513,0.9507,0.9496,0.9511,0.9492,0.9480,0.9481,0.9492,0.9480,0.9480,0.9480,0.9483,0.9477,0.9483,0.9487,0.9474,0.9471,0.9474,0.9474,0.9481,0.9475,0.9454,0.9459,0.9462,0.9462,0.9460,0.9450,0.9456,0.9451,0.9444,0.9451,0.9453,0.9441,0.9450,0.9445,0.9457,0.9448,0.9456,0.9456,0.9445,0.9447,0.9451,0.9451,0.9442,0.9447,0.9451,0.9453,0.9444,0.9439,0.9444,0.9444,0.9451,0.9448,0.9439,0.9448,0.9438,0.9442,0.9436,0.9439,0.9442,0.9448,0.9444,0.9448,0.9448,0.9442,0.9447,0.9441,0.9445,0.9447,0.9447,0.9441,0.9441,0.9442,0.9444,0.9444,0.9433,0.9447,0.9450,0.9448,0.9451,0.9448,0.9444,0.9444,0.9448,0.9451,0.9435,0.9441,0.9447,0.9441,0.9442,0.9447,0.9444,0.9450,0.9432,0.9438,0.9448,0.9436,0.9438,0.9450,0.9435,0.9447,0.9444,0.9448
